snapshot,step,delta_omega_rad_s,delta_omega_over_kappa,delta_omega_eff_rad_s,delta_omega_eff_over_kappa,label,U_int_J,sech2_corr,contrast
0,0,-6.075200e+08,-4.0000,-6.075200e+08,-4.0000,1,2.821302e-21,0.0883,1.0069
1,2000,-6.075200e+08,-4.0000,-6.077947e+08,-4.0018,1,2.336785e-21,0.0883,1.0002
2,4000,-6.075200e+08,-4.0000,-6.080398e+08,-4.0034,1,2.335862e-21,0.0883,1.0001
3,6000,-6.075200e+08,-4.0000,-6.082681e+08,-4.0049,1,2.334519e-21,0.0883,1.0000
4,8000,-6.075200e+08,-4.0000,-6.084854e+08,-4.0064,1,2.333228e-21,0.0883,1.0000
5,10000,-6.075200e+08,-4.0000,-6.087112e+08,-4.0078,1,2.331923e-21,0.0883,1.0000
6,12000,-6.075200e+08,-4.0000,-6.089318e+08,-4.0093,1,2.330634e-21,0.0883,1.0000
7,14000,-6.075200e+08,-4.0000,-6.091537e+08,-4.0108,1,2.329318e-21,0.0883,1.0000
8,16000,-6.075200e+08,-4.0000,-6.093604e+08,-4.0121,1,2.328100e-21,0.0883,1.0000
9,18000,-6.075200e+08,-4.0000,-6.095752e+08,-4.0135,1,2.326830e-21,0.0883,1.0000
10,20000,-6.075200e+08,-4.0000,-6.098052e+08,-4.0150,1,2.325465e-21,0.0883,1.0000
11,22000,-6.075200e+08,-4.0000,-6.100070e+08,-4.0164,1,2.324324e-21,0.0883,1.0000
12,24000,-6.075200e+08,-4.0000,-6.102234e+08,-4.0178,1,2.323098e-21,0.0883,1.0000
13,26000,-6.075200e+08,-4.0000,-6.104616e+08,-4.0194,1,2.321670e-21,0.0883,1.0000
14,28000,-6.075200e+08,-4.0000,-6.106636e+08,-4.0207,1,2.320501e-21,0.0883,1.0000
15,30000,-6.075200e+08,-4.0000,-6.108410e+08,-4.0219,1,2.319438e-21,0.0883,1.0000
16,32000,-6.075200e+08,-4.0000,-6.110215e+08,-4.0231,1,2.318383e-21,0.0883,1.0000
17,34000,-6.075200e+08,-4.0000,-6.112095e+08,-4.0243,1,2.317328e-21,0.0883,1.0000
18,36000,-6.075200e+08,-4.0000,-6.114062e+08,-4.0256,1,2.316184e-21,0.0883,1.0000
19,38000,-6.075200e+08,-4.0000,-6.115939e+08,-4.0268,1,2.315062e-21,0.0883,1.0000
20,40000,-6.075200e+08,-4.0000,-6.117712e+08,-4.0280,1,2.314041e-21,0.0883,1.0000
21,42000,-6.075200e+08,-4.0000,-6.119420e+08,-4.0291,1,2.313061e-21,0.0883,1.0000
22,44000,-6.075200e+08,-4.0000,-6.120856e+08,-4.0301,1,2.312222e-21,0.0883,1.0000
23,46000,-6.075200e+08,-4.0000,-6.122473e+08,-4.0311,1,2.311247e-21,0.0883,1.0000
24,48000,-6.075200e+08,-4.0000,-6.123999e+08,-4.0321,1,2.310405e-21,0.0883,1.0000
25,50000,-6.075200e+08,-4.0000,-6.125610e+08,-4.0332,1,2.309479e-21,0.0883,1.0000
26,52000,-6.075200e+08,-4.0000,-6.127260e+08,-4.0343,1,2.308533e-21,0.0883,1.0000
27,54000,-6.075200e+08,-4.0000,-6.128598e+08,-4.0352,1,2.307735e-21,0.0883,1.0000
28,56000,-6.075200e+08,-4.0000,-6.130044e+08,-4.0361,1,2.306912e-21,0.0883,1.0000
29,58000,-6.075200e+08,-4.0000,-6.131558e+08,-4.0371,1,2.306016e-21,0.0883,1.0000
30,60000,-6.075200e+08,-4.0000,-6.132995e+08,-4.0381,1,2.305209e-21,0.0883,1.0000
31,62000,-6.075200e+08,-4.0000,-6.134426e+08,-4.0390,1,2.304327e-21,0.0883,1.0000
32,64000,-6.075200e+08,-4.0000,-6.136059e+08,-4.0401,1,2.303395e-21,0.0883,1.0000
33,66000,-6.075200e+08,-4.0000,-6.137731e+08,-4.0412,1,2.302440e-21,0.0883,1.0000
34,68000,-6.075200e+08,-4.0000,-6.139063e+08,-4.0420,1,2.301689e-21,0.0883,1.0000
35,70000,-6.075200e+08,-4.0000,-6.140483e+08,-4.0430,1,2.300888e-21,0.0883,1.0000
36,72000,-6.075200e+08,-4.0000,-6.141588e+08,-4.0437,1,2.300211e-21,0.0883,1.0000
37,74000,-6.075200e+08,-4.0000,-6.142852e+08,-4.0445,1,2.299496e-21,0.0883,1.0000
38,76000,-6.075200e+08,-4.0000,-6.143930e+08,-4.0453,1,2.298862e-21,0.0883,1.0000
39,78000,-6.075200e+08,-4.0000,-6.145197e+08,-4.0461,1,2.298135e-21,0.0883,1.0000
40,80000,-6.075200e+08,-4.0000,-6.146236e+08,-4.0468,1,2.297530e-21,0.0883,1.0000
41,82000,-6.075200e+08,-4.0000,-6.147640e+08,-4.0477,1,2.296760e-21,0.0883,1.0000
42,84000,-6.075200e+08,-4.0000,-6.148819e+08,-4.0485,1,2.296037e-21,0.0883,1.0000
43,86000,-6.075200e+08,-4.0000,-6.150127e+08,-4.0493,1,2.295294e-21,0.0883,1.0000
44,88000,-6.075200e+08,-4.0000,-6.151325e+08,-4.0501,1,2.294610e-21,0.0883,1.0000
45,90000,-6.075200e+08,-4.0000,-6.152471e+08,-4.0509,1,2.293918e-21,0.0883,1.0000
46,92000,-6.075200e+08,-4.0000,-6.153560e+08,-4.0516,1,2.293353e-21,0.0883,1.0000
47,94000,-6.075200e+08,-4.0000,-6.154650e+08,-4.0523,1,2.292729e-21,0.0883,1.0000
48,96000,-6.075200e+08,-4.0000,-6.155507e+08,-4.0529,1,2.292237e-21,0.0883,1.0000
49,98000,-6.075200e+08,-4.0000,-6.156335e+08,-4.0534,1,2.291778e-21,0.0883,1.0000
50,100000,-6.075200e+08,-4.0000,-6.157421e+08,-4.0541,1,2.291121e-21,0.0883,1.0000
51,102000,-6.075200e+08,-4.0000,-6.158412e+08,-4.0548,1,2.290562e-21,0.0883,1.0000
52,104000,-6.075200e+08,-4.0000,-6.159281e+08,-4.0554,1,2.290062e-21,0.0883,1.0000
53,106000,-6.075200e+08,-4.0000,-6.160266e+08,-4.0560,1,2.289469e-21,0.0883,1.0000
54,108000,-6.075200e+08,-4.0000,-6.161238e+08,-4.0566,1,2.288947e-21,0.0883,1.0000
55,110000,-6.075200e+08,-4.0000,-6.162268e+08,-4.0573,1,2.288348e-21,0.0883,1.0000
56,112000,-6.075200e+08,-4.0000,-6.163055e+08,-4.0578,1,2.287853e-21,0.0883,1.0000
57,114000,-6.075200e+08,-4.0000,-6.164007e+08,-4.0585,1,2.287349e-21,0.0883,1.0000
58,116000,-6.075200e+08,-4.0000,-6.165229e+08,-4.0593,1,2.286636e-21,0.0883,1.0000
59,118000,-6.075200e+08,-4.0000,-6.166082e+08,-4.0598,1,2.286168e-21,0.0883,1.0000
60,120000,-6.075200e+08,-4.0000,-6.167085e+08,-4.0605,1,2.285581e-21,0.0883,1.0000
61,122000,-6.075200e+08,-4.0000,-6.168008e+08,-4.0611,1,2.285029e-21,0.0883,1.0000
62,124000,-6.075200e+08,-4.0000,-6.168894e+08,-4.0617,1,2.284568e-21,0.0883,1.0000
63,126000,-6.075200e+08,-4.0000,-6.170066e+08,-4.0625,1,2.283895e-21,0.0883,1.0000
64,128000,-6.075200e+08,-4.0000,-6.170998e+08,-4.0631,1,2.283340e-21,0.0883,1.0000
65,130000,-6.075200e+08,-4.0000,-6.171862e+08,-4.0636,1,2.282865e-21,0.0883,1.0000
66,132000,-6.075200e+08,-4.0000,-6.172694e+08,-4.0642,1,2.282369e-21,0.0883,1.0000
67,134000,-6.075200e+08,-4.0000,-6.173485e+08,-4.0647,1,2.281924e-21,0.0883,1.0000
68,136000,-6.075200e+08,-4.0000,-6.174131e+08,-4.0651,1,2.281542e-21,0.0883,1.0000
69,138000,-6.075200e+08,-4.0000,-6.175072e+08,-4.0658,1,2.281022e-21,0.0883,1.0000
70,140000,-6.075200e+08,-4.0000,-6.175868e+08,-4.0663,1,2.280554e-21,0.0883,1.0000
71,142000,-6.075200e+08,-4.0000,-6.176419e+08,-4.0666,1,2.280258e-21,0.0883,1.0000
72,144000,-6.075200e+08,-4.0000,-6.177133e+08,-4.0671,1,2.279851e-21,0.0883,1.0000
73,146000,-6.075200e+08,-4.0000,-6.177827e+08,-4.0676,1,2.279431e-21,0.0883,1.0000
74,148000,-6.075200e+08,-4.0000,-6.178742e+08,-4.0682,1,2.278931e-21,0.0883,1.0000
75,150000,-6.075200e+08,-4.0000,-6.179100e+08,-4.0684,1,2.278741e-21,0.0883,1.0000
76,152000,-6.075200e+08,-4.0000,-6.179802e+08,-4.0689,1,2.278365e-21,0.0883,1.0000
77,154000,-6.075200e+08,-4.0000,-6.180502e+08,-4.0693,1,2.277941e-21,0.0883,1.0000
78,156000,-6.075200e+08,-4.0000,-6.180966e+08,-4.0696,1,2.277674e-21,0.0883,1.0000
79,158000,-6.075200e+08,-4.0000,-6.181567e+08,-4.0700,1,2.277309e-21,0.0883,1.0000
80,160000,-6.075200e+08,-4.0000,-6.182476e+08,-4.0706,1,2.276811e-21,0.0883,1.0000
81,162000,-6.075200e+08,-4.0000,-6.182820e+08,-4.0709,1,2.276616e-21,0.0883,1.0000
82,164000,-6.075200e+08,-4.0000,-6.183623e+08,-4.0714,1,2.276158e-21,0.0883,1.0000
83,166000,-6.075200e+08,-4.0000,-6.184152e+08,-4.0717,1,2.275875e-21,0.0883,1.0000
84,168000,-6.075200e+08,-4.0000,-6.184760e+08,-4.0721,1,2.275507e-21,0.0883,1.0000
85,170000,-6.075200e+08,-4.0000,-6.185275e+08,-4.0725,1,2.275207e-21,0.0883,1.0000
86,172000,-6.075200e+08,-4.0000,-6.185462e+08,-4.0726,1,2.275074e-21,0.0883,1.0000
87,174000,-6.075200e+08,-4.0000,-6.185905e+08,-4.0729,1,2.274898e-21,0.0883,1.0000
88,176000,-6.075200e+08,-4.0000,-6.186421e+08,-4.0732,1,2.274569e-21,0.0883,1.0000
89,178000,-6.075200e+08,-4.0000,-6.186767e+08,-4.0735,1,2.274388e-21,0.0883,1.0000
90,180000,-6.075200e+08,-4.0000,-6.187355e+08,-4.0738,1,2.274047e-21,0.0883,1.0000
91,182000,-6.075200e+08,-4.0000,-6.187775e+08,-4.0741,1,2.273799e-21,0.0883,1.0000
92,184000,-6.075200e+08,-4.0000,-6.188400e+08,-4.0745,1,2.273454e-21,0.0883,1.0000
93,186000,-6.075200e+08,-4.0000,-6.188772e+08,-4.0748,1,2.273243e-21,0.0883,1.0000
94,188000,-6.075200e+08,-4.0000,-6.189334e+08,-4.0751,1,2.272897e-21,0.0883,1.0000
95,190000,-6.075200e+08,-4.0000,-6.189860e+08,-4.0755,1,2.272617e-21,0.0883,1.0000
96,192000,-6.075200e+08,-4.0000,-6.190289e+08,-4.0758,1,2.272325e-21,0.0883,1.0000
97,194000,-6.075200e+08,-4.0000,-6.190922e+08,-4.0762,1,2.272019e-21,0.0883,1.0000
98,196000,-6.075200e+08,-4.0000,-6.191365e+08,-4.0765,1,2.271753e-21,0.0883,1.0000
99,198000,-6.075200e+08,-4.0000,-6.191689e+08,-4.0767,1,2.271554e-21,0.0883,1.0000
100,200000,-6.075200e+08,-4.0000,-6.192559e+08,-4.0773,1,2.271088e-21,0.0883,1.0000
101,202000,-6.075200e+08,-4.0000,-6.193124e+08,-4.0776,1,2.270732e-21,0.0883,1.0000
102,204000,-6.075200e+08,-4.0000,-6.193407e+08,-4.0778,1,2.270582e-21,0.0883,1.0000
103,206000,-6.075200e+08,-4.0000,-6.193480e+08,-4.0779,1,2.270538e-21,0.0883,1.0000
104,208000,-6.075200e+08,-4.0000,-6.193949e+08,-4.0782,1,2.270300e-21,0.0883,1.0000
105,210000,-6.075200e+08,-4.0000,-6.194324e+08,-4.0784,1,2.270080e-21,0.0883,1.0000
106,212000,-6.075200e+08,-4.0000,-6.194864e+08,-4.0788,1,2.269775e-21,0.0883,1.0000
107,214000,-6.075200e+08,-4.0000,-6.195380e+08,-4.0791,1,2.269476e-21,0.0883,1.0000
108,216000,-6.075200e+08,-4.0000,-6.195860e+08,-4.0794,1,2.269239e-21,0.0883,1.0000
109,218000,-6.075200e+08,-4.0000,-6.196413e+08,-4.0798,1,2.268881e-21,0.0883,1.0000
110,220000,-6.075200e+08,-4.0000,-6.196870e+08,-4.0801,1,2.268622e-21,0.0883,1.0000
111,222000,-6.075200e+08,-4.0000,-6.197417e+08,-4.0805,1,2.268324e-21,0.0883,1.0000
112,224000,-6.075200e+08,-4.0000,-6.197743e+08,-4.0807,1,2.268147e-21,0.0883,1.0000
113,226000,-6.075200e+08,-4.0000,-6.198453e+08,-4.0812,1,2.267723e-21,0.0883,1.0000
114,228000,-6.075200e+08,-4.0000,-6.198906e+08,-4.0814,1,2.267486e-21,0.0883,1.0000
115,230000,-6.075200e+08,-4.0000,-6.198872e+08,-4.0814,1,2.267481e-21,0.0883,1.0000
116,232000,-6.075200e+08,-4.0000,-6.199484e+08,-4.0818,1,2.267112e-21,0.0883,1.0000
117,234000,-6.075200e+08,-4.0000,-6.199673e+08,-4.0820,1,2.267078e-21,0.0883,1.0000
118,236000,-6.075200e+08,-4.0000,-6.199989e+08,-4.0822,1,2.266872e-21,0.0883,1.0000
119,238000,-6.075200e+08,-4.0000,-6.200525e+08,-4.0825,1,2.266535e-21,0.0883,1.0000
120,240000,-6.075200e+08,-4.0000,-6.200998e+08,-4.0828,1,2.266270e-21,0.0883,1.0000
121,242000,-6.075200e+08,-4.0000,-6.201349e+08,-4.0831,1,2.266089e-21,0.0883,1.0000
122,244000,-6.075200e+08,-4.0000,-6.201412e+08,-4.0831,1,2.266096e-21,0.0883,1.0000
123,246000,-6.075200e+08,-4.0000,-6.201997e+08,-4.0835,1,2.265699e-21,0.0883,1.0000
124,248000,-6.075200e+08,-4.0000,-6.202520e+08,-4.0838,1,2.265429e-21,0.0883,1.0000
125,250000,-6.075200e+08,-4.0000,-6.202684e+08,-4.0839,1,2.265374e-21,0.0883,1.0000
126,252000,-6.075200e+08,-4.0000,-6.203084e+08,-4.0842,1,2.265115e-21,0.0883,1.0000
127,254000,-6.075200e+08,-4.0000,-6.203313e+08,-4.0844,1,2.264966e-21,0.0883,1.0000
128,256000,-6.075200e+08,-4.0000,-6.203953e+08,-4.0848,1,2.264607e-21,0.0883,1.0000
129,258000,-6.075200e+08,-4.0000,-6.204312e+08,-4.0850,1,2.264401e-21,0.0883,1.0000
130,260000,-6.075200e+08,-4.0000,-6.204463e+08,-4.0851,1,2.264342e-21,0.0883,1.0000
131,262000,-6.075200e+08,-4.0000,-6.204808e+08,-4.0853,1,2.264160e-21,0.0883,1.0000
132,264000,-6.075200e+08,-4.0000,-6.205030e+08,-4.0855,1,2.264037e-21,0.0883,1.0000
133,266000,-6.075200e+08,-4.0000,-6.205317e+08,-4.0857,1,2.263879e-21,0.0883,1.0000
134,268000,-6.075200e+08,-4.0000,-6.205485e+08,-4.0858,1,2.263751e-21,0.0883,1.0000
135,270000,-6.075200e+08,-4.0000,-6.205720e+08,-4.0859,1,2.263634e-21,0.0883,1.0000
136,272000,-6.075200e+08,-4.0000,-6.206033e+08,-4.0861,1,2.263435e-21,0.0883,1.0000
137,274000,-6.075200e+08,-4.0000,-6.206349e+08,-4.0864,1,2.263277e-21,0.0883,1.0000
138,276000,-6.075200e+08,-4.0000,-6.206440e+08,-4.0864,1,2.263224e-21,0.0883,1.0000
139,278000,-6.075200e+08,-4.0000,-6.206790e+08,-4.0866,1,2.263002e-21,0.0883,1.0000
140,280000,-6.075200e+08,-4.0000,-6.206967e+08,-4.0868,1,2.262891e-21,0.0883,1.0000
141,282000,-6.075200e+08,-4.0000,-6.207148e+08,-4.0869,1,2.262811e-21,0.0883,1.0000
142,284000,-6.075200e+08,-4.0000,-6.207284e+08,-4.0870,1,2.262760e-21,0.0883,1.0000
143,286000,-6.075200e+08,-4.0000,-6.207555e+08,-4.0871,1,2.262578e-21,0.0883,1.0000
144,288000,-6.075200e+08,-4.0000,-6.207805e+08,-4.0873,1,2.262464e-21,0.0883,1.0000
145,290000,-6.075200e+08,-4.0000,-6.207921e+08,-4.0874,1,2.262400e-21,0.0883,1.0000
146,292000,-6.075200e+08,-4.0000,-6.208309e+08,-4.0876,1,2.262133e-21,0.0883,1.0000
147,294000,-6.075200e+08,-4.0000,-6.208689e+08,-4.0879,1,2.261962e-21,0.0883,1.0000
148,296000,-6.075200e+08,-4.0000,-6.209080e+08,-4.0881,1,2.261717e-21,0.0883,1.0000
149,298000,-6.075200e+08,-4.0000,-6.209053e+08,-4.0881,1,2.261743e-21,0.0883,1.0000
150,300000,-6.075200e+08,-4.0000,-6.209306e+08,-4.0883,1,2.261583e-21,0.0883,1.0000
151,302000,-6.075200e+08,-4.0000,-6.209591e+08,-4.0885,1,2.261435e-21,0.0883,1.0000
152,304000,-6.075200e+08,-4.0000,-6.209881e+08,-4.0887,1,2.261283e-21,0.0883,1.0000
153,306000,-6.075200e+08,-4.0000,-6.210190e+08,-4.0889,1,2.261081e-21,0.0883,1.0000
154,308000,-6.075200e+08,-4.0000,-6.210675e+08,-4.0892,1,2.260793e-21,0.0883,1.0000
155,310000,-6.075200e+08,-4.0000,-6.210737e+08,-4.0892,1,2.260775e-21,0.0883,1.0000
156,312000,-6.075200e+08,-4.0000,-6.210975e+08,-4.0894,1,2.260659e-21,0.0883,1.0000
157,314000,-6.075200e+08,-4.0000,-6.211192e+08,-4.0895,1,2.260565e-21,0.0883,1.0000
158,316000,-6.075200e+08,-4.0000,-6.211539e+08,-4.0898,1,2.260336e-21,0.0883,1.0000
159,318000,-6.075200e+08,-4.0000,-6.211746e+08,-4.0899,1,2.260211e-21,0.0883,1.0000
160,320000,-6.075200e+08,-4.0000,-6.211747e+08,-4.0899,1,2.260193e-21,0.0883,1.0000
161,322000,-6.075200e+08,-4.0000,-6.212115e+08,-4.0901,1,2.260034e-21,0.0883,1.0000
162,324000,-6.075200e+08,-4.0000,-6.212436e+08,-4.0904,1,2.259859e-21,0.0883,1.0000
163,326000,-6.075200e+08,-4.0000,-6.212500e+08,-4.0904,1,2.259797e-21,0.0883,1.0000
164,328000,-6.075200e+08,-4.0000,-6.212646e+08,-4.0905,1,2.259731e-21,0.0883,1.0000
165,330000,-6.075200e+08,-4.0000,-6.212712e+08,-4.0905,1,2.259710e-21,0.0883,1.0000
166,332000,-6.075200e+08,-4.0000,-6.213231e+08,-4.0909,1,2.259409e-21,0.0883,1.0000
167,334000,-6.075200e+08,-4.0000,-6.213377e+08,-4.0910,1,2.259316e-21,0.0883,1.0000
168,336000,-6.075200e+08,-4.0000,-6.213358e+08,-4.0910,1,2.259320e-21,0.0883,1.0000
169,338000,-6.075200e+08,-4.0000,-6.213945e+08,-4.0914,1,2.258988e-21,0.0883,1.0000
170,340000,-6.075200e+08,-4.0000,-6.214122e+08,-4.0915,1,2.258890e-21,0.0883,1.0000
171,342000,-6.075200e+08,-4.0000,-6.214221e+08,-4.0915,1,2.258828e-21,0.0883,1.0000
172,344000,-6.075200e+08,-4.0000,-6.214647e+08,-4.0918,1,2.258589e-21,0.0883,1.0000
173,346000,-6.075200e+08,-4.0000,-6.215019e+08,-4.0921,1,2.258378e-21,0.0883,1.0000
174,348000,-6.075200e+08,-4.0000,-6.215110e+08,-4.0921,1,2.258298e-21,0.0883,1.0000
175,350000,-6.075200e+08,-4.0000,-6.215526e+08,-4.0924,1,2.258108e-21,0.0883,1.0000
176,352000,-6.075200e+08,-4.0000,-6.215600e+08,-4.0924,1,2.258071e-21,0.0883,1.0000
177,354000,-6.075200e+08,-4.0000,-6.215941e+08,-4.0927,1,2.257900e-21,0.0883,1.0000
178,356000,-6.075200e+08,-4.0000,-6.215814e+08,-4.0926,1,2.257927e-21,0.0883,1.0000
179,358000,-6.075200e+08,-4.0000,-6.215834e+08,-4.0926,1,2.257942e-21,0.0883,1.0000
180,360000,-6.075200e+08,-4.0000,-6.215903e+08,-4.0926,1,2.257898e-21,0.0883,1.0000
181,362000,-6.075200e+08,-4.0000,-6.216017e+08,-4.0927,1,2.257828e-21,0.0883,1.0000
182,364000,-6.075200e+08,-4.0000,-6.216212e+08,-4.0928,1,2.257728e-21,0.0883,1.0000
183,366000,-6.075200e+08,-4.0000,-6.215832e+08,-4.0926,1,2.257935e-21,0.0883,1.0000
184,368000,-6.075200e+08,-4.0000,-6.215827e+08,-4.0926,1,2.257918e-21,0.0883,1.0000
185,370000,-6.075200e+08,-4.0000,-6.215852e+08,-4.0926,1,2.257906e-21,0.0883,1.0000
186,372000,-6.075200e+08,-4.0000,-6.215868e+08,-4.0926,1,2.257880e-21,0.0883,1.0000
187,374000,-6.075200e+08,-4.0000,-6.216100e+08,-4.0928,1,2.257770e-21,0.0883,1.0000
188,376000,-6.075200e+08,-4.0000,-6.216012e+08,-4.0927,1,2.257833e-21,0.0883,1.0000
189,378000,-6.075200e+08,-4.0000,-6.215799e+08,-4.0926,1,2.257997e-21,0.0883,1.0000
190,380000,-6.075200e+08,-4.0000,-6.215850e+08,-4.0926,1,2.257881e-21,0.0883,1.0000
191,382000,-6.075200e+08,-4.0000,-6.216083e+08,-4.0928,1,2.257799e-21,0.0883,1.0000
192,384000,-6.075200e+08,-4.0000,-6.216045e+08,-4.0927,1,2.257794e-21,0.0883,1.0000
193,386000,-6.075200e+08,-4.0000,-6.215933e+08,-4.0927,1,2.257836e-21,0.0883,1.0000
194,388000,-6.075200e+08,-4.0000,-6.215874e+08,-4.0926,1,2.257900e-21,0.0883,1.0000
195,390000,-6.075200e+08,-4.0000,-6.216128e+08,-4.0928,1,2.257783e-21,0.0883,1.0000
196,392000,-6.075200e+08,-4.0000,-6.216427e+08,-4.0930,1,2.257579e-21,0.0883,1.0000
197,394000,-6.075200e+08,-4.0000,-6.216314e+08,-4.0929,1,2.257658e-21,0.0883,1.0000
198,396000,-6.075200e+08,-4.0000,-6.216148e+08,-4.0928,1,2.257745e-21,0.0883,1.0000
199,398000,-6.075200e+08,-4.0000,-6.216452e+08,-4.0930,1,2.257556e-21,0.0883,1.0000
200,400000,-6.075200e+08,-4.0000,-6.216598e+08,-4.0931,1,2.257506e-21,0.0883,1.0000
201,402000,-6.075200e+08,-4.0000,-6.216300e+08,-4.0929,1,2.257658e-21,0.0883,1.0000
202,404000,-6.075200e+08,-4.0000,-6.216372e+08,-4.0929,1,2.257611e-21,0.0883,1.0000
203,406000,-6.075200e+08,-4.0000,-6.216632e+08,-4.0931,1,2.257489e-21,0.0883,1.0000
204,408000,-6.075200e+08,-4.0000,-6.216607e+08,-4.0931,1,2.257473e-21,0.0883,1.0000
205,410000,-6.075200e+08,-4.0000,-6.216588e+08,-4.0931,1,2.257492e-21,0.0883,1.0000
206,412000,-6.075200e+08,-4.0000,-6.216579e+08,-4.0931,1,2.257500e-21,0.0883,1.0000
207,414000,-6.075200e+08,-4.0000,-6.216813e+08,-4.0932,1,2.257367e-21,0.0883,1.0000
208,416000,-6.075200e+08,-4.0000,-6.216896e+08,-4.0933,1,2.257340e-21,0.0883,1.0000
209,418000,-6.075200e+08,-4.0000,-6.217057e+08,-4.0934,1,2.257237e-21,0.0883,1.0000
210,420000,-6.075200e+08,-4.0000,-6.217009e+08,-4.0934,1,2.257250e-21,0.0883,1.0000
211,422000,-6.075200e+08,-4.0000,-6.217080e+08,-4.0934,1,2.257198e-21,0.0883,1.0000
212,424000,-6.075200e+08,-4.0000,-6.216961e+08,-4.0933,1,2.257285e-21,0.0883,1.0000
213,426000,-6.075200e+08,-4.0000,-6.216896e+08,-4.0933,1,2.257309e-21,0.0883,1.0000
214,428000,-6.075200e+08,-4.0000,-6.216831e+08,-4.0933,1,2.257412e-21,0.0883,1.0000
215,430000,-6.075200e+08,-4.0000,-6.216924e+08,-4.0933,1,2.257324e-21,0.0883,1.0000
216,432000,-6.075200e+08,-4.0000,-6.217292e+08,-4.0936,1,2.257110e-21,0.0883,1.0000
217,434000,-6.075200e+08,-4.0000,-6.217281e+08,-4.0935,1,2.257071e-21,0.0883,1.0000
218,436000,-6.075200e+08,-4.0000,-6.217351e+08,-4.0936,1,2.257081e-21,0.0883,1.0000
219,438000,-6.075200e+08,-4.0000,-6.217183e+08,-4.0935,1,2.257171e-21,0.0883,1.0000
220,440000,-6.075200e+08,-4.0000,-6.217224e+08,-4.0935,1,2.257150e-21,0.0883,1.0000
221,442000,-6.075200e+08,-4.0000,-6.217628e+08,-4.0938,1,2.256916e-21,0.0883,1.0000
222,444000,-6.075200e+08,-4.0000,-6.217791e+08,-4.0939,1,2.256816e-21,0.0883,1.0000
223,446000,-6.075200e+08,-4.0000,-6.218038e+08,-4.0940,1,2.256682e-21,0.0883,1.0000
224,448000,-6.075200e+08,-4.0000,-6.218252e+08,-4.0942,1,2.256554e-21,0.0883,1.0000
225,450000,-6.075200e+08,-4.0000,-6.218525e+08,-4.0944,1,2.256417e-21,0.0883,1.0000
226,452000,-6.075200e+08,-4.0000,-6.218818e+08,-4.0946,1,2.256265e-21,0.0883,1.0000
227,454000,-6.075200e+08,-4.0000,-6.218796e+08,-4.0945,1,2.256271e-21,0.0883,1.0000
228,456000,-6.075200e+08,-4.0000,-6.218760e+08,-4.0945,1,2.256271e-21,0.0883,1.0000
229,458000,-6.075200e+08,-4.0000,-6.218909e+08,-4.0946,1,2.256212e-21,0.0883,1.0000
230,460000,-6.075200e+08,-4.0000,-6.218800e+08,-4.0945,1,2.256249e-21,0.0883,1.0000
231,462000,-6.075200e+08,-4.0000,-6.218843e+08,-4.0946,1,2.256204e-21,0.0883,1.0000
232,464000,-6.075200e+08,-4.0000,-6.219083e+08,-4.0947,1,2.256131e-21,0.0883,1.0000
233,466000,-6.075200e+08,-4.0000,-6.218910e+08,-4.0946,1,2.256197e-21,0.0883,1.0000
234,468000,-6.075200e+08,-4.0000,-6.219094e+08,-4.0947,1,2.256068e-21,0.0883,1.0000
235,470000,-6.075200e+08,-4.0000,-6.218934e+08,-4.0946,1,2.256217e-21,0.0883,1.0000
236,472000,-6.075200e+08,-4.0000,-6.218959e+08,-4.0947,1,2.256190e-21,0.0883,1.0000
237,474000,-6.075200e+08,-4.0000,-6.218827e+08,-4.0946,1,2.256261e-21,0.0883,1.0000
238,476000,-6.075200e+08,-4.0000,-6.218847e+08,-4.0946,1,2.256226e-21,0.0883,1.0000
239,478000,-6.075200e+08,-4.0000,-6.218800e+08,-4.0945,1,2.256253e-21,0.0883,1.0000
240,480000,-6.075200e+08,-4.0000,-6.218619e+08,-4.0944,1,2.256341e-21,0.0883,1.0000
241,482000,-6.075200e+08,-4.0000,-6.218647e+08,-4.0944,1,2.256349e-21,0.0883,1.0000
242,484000,-6.075200e+08,-4.0000,-6.218642e+08,-4.0944,1,2.256341e-21,0.0883,1.0000
243,486000,-6.075200e+08,-4.0000,-6.218653e+08,-4.0945,1,2.256334e-21,0.0883,1.0000
244,488000,-6.075200e+08,-4.0000,-6.218739e+08,-4.0945,1,2.256284e-21,0.0883,1.0000
245,490000,-6.075200e+08,-4.0000,-6.218819e+08,-4.0946,1,2.256242e-21,0.0883,1.0000
246,492000,-6.075200e+08,-4.0000,-6.219056e+08,-4.0947,1,2.256155e-21,0.0883,1.0000
247,494000,-6.075200e+08,-4.0000,-6.219313e+08,-4.0949,1,2.255948e-21,0.0883,1.0000
248,496000,-6.075200e+08,-4.0000,-6.219364e+08,-4.0949,1,2.255952e-21,0.0883,1.0000
249,498000,-6.075200e+08,-4.0000,-6.219328e+08,-4.0949,1,2.255953e-21,0.0883,1.0000
250,500000,-6.075200e+08,-4.0000,-6.219391e+08,-4.0949,1,2.255913e-21,0.0883,1.0000
251,502000,-6.075200e+08,-4.0000,-6.219011e+08,-4.0947,1,2.256133e-21,0.0883,1.0000
252,504000,-6.075200e+08,-4.0000,-6.219135e+08,-4.0948,1,2.256086e-21,0.0883,1.0000
253,506000,-6.075200e+08,-4.0000,-6.219096e+08,-4.0947,1,2.256083e-21,0.0883,1.0000
254,508000,-6.075200e+08,-4.0000,-6.219351e+08,-4.0949,1,2.255957e-21,0.0883,1.0000
255,510000,-6.075200e+08,-4.0000,-6.219447e+08,-4.0950,1,2.255891e-21,0.0883,1.0000
256,512000,-6.075200e+08,-4.0000,-6.219219e+08,-4.0948,1,2.256014e-21,0.0883,1.0000
257,514000,-6.075200e+08,-4.0000,-6.219187e+08,-4.0948,1,2.256068e-21,0.0883,1.0000
258,516000,-6.075200e+08,-4.0000,-6.219079e+08,-4.0947,1,2.256099e-21,0.0883,1.0000
259,518000,-6.075200e+08,-4.0000,-6.218909e+08,-4.0946,1,2.256195e-21,0.0883,1.0000
260,520000,-6.075200e+08,-4.0000,-6.218998e+08,-4.0947,1,2.256136e-21,0.0883,1.0000
261,522000,-6.075200e+08,-4.0000,-6.219134e+08,-4.0948,1,2.256082e-21,0.0883,1.0000
262,524000,-6.075200e+08,-4.0000,-6.219092e+08,-4.0947,1,2.256087e-21,0.0883,1.0000
263,526000,-6.075200e+08,-4.0000,-6.219100e+08,-4.0947,1,2.256074e-21,0.0883,1.0000
264,528000,-6.075200e+08,-4.0000,-6.219070e+08,-4.0947,1,2.256110e-21,0.0883,1.0000
265,530000,-6.075200e+08,-4.0000,-6.219324e+08,-4.0949,1,2.255970e-21,0.0883,1.0000
266,532000,-6.075200e+08,-4.0000,-6.219569e+08,-4.0951,1,2.255811e-21,0.0883,1.0000
267,534000,-6.075200e+08,-4.0000,-6.219453e+08,-4.0950,1,2.255914e-21,0.0883,1.0000
268,536000,-6.075200e+08,-4.0000,-6.219339e+08,-4.0949,1,2.255961e-21,0.0883,1.0000
269,538000,-6.075200e+08,-4.0000,-6.219384e+08,-4.0949,1,2.255916e-21,0.0883,1.0000
270,540000,-6.075200e+08,-4.0000,-6.219486e+08,-4.0950,1,2.255849e-21,0.0883,1.0000
271,542000,-6.075200e+08,-4.0000,-6.219550e+08,-4.0950,1,2.255844e-21,0.0883,1.0000
272,544000,-6.075200e+08,-4.0000,-6.219887e+08,-4.0953,1,2.255649e-21,0.0883,1.0000
273,546000,-6.075200e+08,-4.0000,-6.220154e+08,-4.0954,1,2.255485e-21,0.0883,1.0000
274,548000,-6.075200e+08,-4.0000,-6.220236e+08,-4.0955,1,2.255455e-21,0.0883,1.0000
275,550000,-6.075200e+08,-4.0000,-6.220596e+08,-4.0957,1,2.255258e-21,0.0883,1.0000
276,552000,-6.075200e+08,-4.0000,-6.220665e+08,-4.0958,1,2.255209e-21,0.0883,1.0000
277,554000,-6.075200e+08,-4.0000,-6.220698e+08,-4.0958,1,2.255169e-21,0.0883,1.0000
278,556000,-6.075200e+08,-4.0000,-6.220631e+08,-4.0958,1,2.255249e-21,0.0883,1.0000
279,558000,-6.075200e+08,-4.0000,-6.220549e+08,-4.0957,1,2.255234e-21,0.0883,1.0000
280,560000,-6.075200e+08,-4.0000,-6.220481e+08,-4.0957,1,2.255271e-21,0.0883,1.0000
281,562000,-6.075200e+08,-4.0000,-6.220689e+08,-4.0958,1,2.255178e-21,0.0883,1.0000
282,564000,-6.075200e+08,-4.0000,-6.220332e+08,-4.0956,1,2.255391e-21,0.0883,1.0000
283,566000,-6.075200e+08,-4.0000,-6.220369e+08,-4.0956,1,2.255374e-21,0.0883,1.0000
284,568000,-6.075200e+08,-4.0000,-6.220199e+08,-4.0955,1,2.255448e-21,0.0883,1.0000
285,570000,-6.075200e+08,-4.0000,-6.220250e+08,-4.0955,1,2.255427e-21,0.0883,1.0000
286,572000,-6.075200e+08,-4.0000,-6.220465e+08,-4.0956,1,2.255325e-21,0.0883,1.0000
287,574000,-6.075200e+08,-4.0000,-6.220414e+08,-4.0956,1,2.255335e-21,0.0883,1.0000
288,576000,-6.075200e+08,-4.0000,-6.220139e+08,-4.0954,1,2.255487e-21,0.0883,1.0000
289,578000,-6.075200e+08,-4.0000,-6.220175e+08,-4.0955,1,2.255494e-21,0.0883,1.0000
290,580000,-6.075200e+08,-4.0000,-6.220092e+08,-4.0954,1,2.255511e-21,0.0883,1.0000
291,582000,-6.075200e+08,-4.0000,-6.220006e+08,-4.0953,1,2.255555e-21,0.0883,1.0000
292,584000,-6.075200e+08,-4.0000,-6.220092e+08,-4.0954,1,2.255501e-21,0.0883,1.0000
293,586000,-6.075200e+08,-4.0000,-6.220186e+08,-4.0955,1,2.255492e-21,0.0883,1.0000
294,588000,-6.075200e+08,-4.0000,-6.220304e+08,-4.0955,1,2.255405e-21,0.0883,1.0000
295,590000,-6.075200e+08,-4.0000,-6.220377e+08,-4.0956,1,2.255353e-21,0.0883,1.0000
296,592000,-6.075200e+08,-4.0000,-6.220566e+08,-4.0957,1,2.255236e-21,0.0883,1.0000
297,594000,-6.075200e+08,-4.0000,-6.220397e+08,-4.0956,1,2.255355e-21,0.0883,1.0000
298,596000,-6.075200e+08,-4.0000,-6.220301e+08,-4.0955,1,2.255408e-21,0.0883,1.0000
299,598000,-6.075200e+08,-4.0000,-6.220333e+08,-4.0956,1,2.255409e-21,0.0883,1.0000
300,600000,-6.075200e+08,-4.0000,-6.220230e+08,-4.0955,1,2.255447e-21,0.0883,1.0000
301,602000,-6.075200e+08,-4.0000,-6.220296e+08,-4.0955,1,2.255412e-21,0.0883,1.0000
302,604000,-6.075200e+08,-4.0000,-6.220205e+08,-4.0955,1,2.255470e-21,0.0883,1.0000
303,606000,-6.075200e+08,-4.0000,-6.220401e+08,-4.0956,1,2.255344e-21,0.0883,1.0000
304,608000,-6.075200e+08,-4.0000,-6.220509e+08,-4.0957,1,2.255325e-21,0.0883,1.0000
305,610000,-6.075200e+08,-4.0000,-6.220618e+08,-4.0957,1,2.255200e-21,0.0883,1.0000
306,612000,-6.075200e+08,-4.0000,-6.220593e+08,-4.0957,1,2.255271e-21,0.0883,1.0000
307,614000,-6.075200e+08,-4.0000,-6.220538e+08,-4.0957,1,2.255301e-21,0.0883,1.0000
308,616000,-6.075200e+08,-4.0000,-6.220539e+08,-4.0957,1,2.255267e-21,0.0883,1.0000
309,618000,-6.075200e+08,-4.0000,-6.220328e+08,-4.0956,1,2.255369e-21,0.0883,1.0000
310,620000,-6.075200e+08,-4.0000,-6.220457e+08,-4.0956,1,2.255323e-21,0.0883,1.0000
311,622000,-6.075200e+08,-4.0000,-6.220516e+08,-4.0957,1,2.255322e-21,0.0883,1.0000
312,624000,-6.075200e+08,-4.0000,-6.220437e+08,-4.0956,1,2.255339e-21,0.0883,1.0000
313,626000,-6.075200e+08,-4.0000,-6.220371e+08,-4.0956,1,2.255359e-21,0.0883,1.0000
314,628000,-6.075200e+08,-4.0000,-6.220518e+08,-4.0957,1,2.255308e-21,0.0883,1.0000
315,630000,-6.075200e+08,-4.0000,-6.220497e+08,-4.0957,1,2.255317e-21,0.0883,1.0000
316,632000,-6.075200e+08,-4.0000,-6.220733e+08,-4.0958,1,2.255174e-21,0.0883,1.0000
317,634000,-6.075200e+08,-4.0000,-6.220719e+08,-4.0958,1,2.255194e-21,0.0883,1.0000
318,636000,-6.075200e+08,-4.0000,-6.220940e+08,-4.0960,1,2.255068e-21,0.0883,1.0000
319,638000,-6.075200e+08,-4.0000,-6.220776e+08,-4.0958,1,2.255155e-21,0.0883,1.0000
320,640000,-6.075200e+08,-4.0000,-6.220734e+08,-4.0958,1,2.255129e-21,0.0883,1.0000
321,642000,-6.075200e+08,-4.0000,-6.220777e+08,-4.0958,1,2.255169e-21,0.0883,1.0000
322,644000,-6.075200e+08,-4.0000,-6.220967e+08,-4.0960,1,2.255022e-21,0.0883,1.0000
323,646000,-6.075200e+08,-4.0000,-6.221347e+08,-4.0962,1,2.254839e-21,0.0883,1.0000
324,648000,-6.075200e+08,-4.0000,-6.221117e+08,-4.0961,1,2.254965e-21,0.0883,1.0000
325,650000,-6.075200e+08,-4.0000,-6.221167e+08,-4.0961,1,2.254898e-21,0.0883,1.0000
326,652000,-6.075200e+08,-4.0000,-6.221176e+08,-4.0961,1,2.254908e-21,0.0883,1.0000
327,654000,-6.075200e+08,-4.0000,-6.221492e+08,-4.0963,1,2.254725e-21,0.0883,1.0000
328,656000,-6.075200e+08,-4.0000,-6.221754e+08,-4.0965,1,2.254618e-21,0.0883,1.0000
329,658000,-6.075200e+08,-4.0000,-6.221860e+08,-4.0966,1,2.254519e-21,0.0883,1.0000
330,660000,-6.075200e+08,-4.0000,-6.221732e+08,-4.0965,1,2.254586e-21,0.0883,1.0000
331,662000,-6.075200e+08,-4.0000,-6.221637e+08,-4.0964,1,2.254655e-21,0.0883,1.0000
332,664000,-6.075200e+08,-4.0000,-6.221779e+08,-4.0965,1,2.254590e-21,0.0883,1.0000
333,666000,-6.075200e+08,-4.0000,-6.221764e+08,-4.0965,1,2.254604e-21,0.0883,1.0000
334,668000,-6.075200e+08,-4.0000,-6.221983e+08,-4.0966,1,2.254471e-21,0.0883,1.0000
335,670000,-6.075200e+08,-4.0000,-6.221959e+08,-4.0966,1,2.254483e-21,0.0883,1.0000
336,672000,-6.075200e+08,-4.0000,-6.221718e+08,-4.0965,1,2.254560e-21,0.0883,1.0000
337,674000,-6.075200e+08,-4.0000,-6.221425e+08,-4.0963,1,2.254789e-21,0.0883,1.0000
338,676000,-6.075200e+08,-4.0000,-6.221379e+08,-4.0962,1,2.254793e-21,0.0883,1.0000
339,678000,-6.075200e+08,-4.0000,-6.221171e+08,-4.0961,1,2.254912e-21,0.0883,1.0000
340,680000,-6.075200e+08,-4.0000,-6.221270e+08,-4.0962,1,2.254875e-21,0.0883,1.0000
341,682000,-6.075200e+08,-4.0000,-6.221107e+08,-4.0961,1,2.254975e-21,0.0883,1.0000
342,684000,-6.075200e+08,-4.0000,-6.220909e+08,-4.0959,1,2.255043e-21,0.0883,1.0000
343,686000,-6.075200e+08,-4.0000,-6.221067e+08,-4.0960,1,2.254982e-21,0.0883,1.0000
344,688000,-6.075200e+08,-4.0000,-6.221117e+08,-4.0961,1,2.254957e-21,0.0883,1.0000
345,690000,-6.075200e+08,-4.0000,-6.221176e+08,-4.0961,1,2.254911e-21,0.0883,1.0000
346,692000,-6.075200e+08,-4.0000,-6.221247e+08,-4.0962,1,2.254854e-21,0.0883,1.0000
347,694000,-6.075200e+08,-4.0000,-6.221522e+08,-4.0963,1,2.254747e-21,0.0883,1.0000
348,696000,-6.075200e+08,-4.0000,-6.221475e+08,-4.0963,1,2.254771e-21,0.0883,1.0000
349,698000,-6.075200e+08,-4.0000,-6.221428e+08,-4.0963,1,2.254786e-21,0.0883,1.0000
350,700000,-6.075200e+08,-4.0000,-6.221728e+08,-4.0965,1,2.254614e-21,0.0883,1.0000
351,702000,-6.075200e+08,-4.0000,-6.221574e+08,-4.0964,1,2.254696e-21,0.0883,1.0000
352,704000,-6.075200e+08,-4.0000,-6.221492e+08,-4.0963,1,2.254714e-21,0.0883,1.0000
353,706000,-6.075200e+08,-4.0000,-6.221444e+08,-4.0963,1,2.254741e-21,0.0883,1.0000
354,708000,-6.075200e+08,-4.0000,-6.221491e+08,-4.0963,1,2.254757e-21,0.0883,1.0000
355,710000,-6.075200e+08,-4.0000,-6.221600e+08,-4.0964,1,2.254640e-21,0.0883,1.0000
356,712000,-6.075200e+08,-4.0000,-6.221423e+08,-4.0963,1,2.254779e-21,0.0883,1.0000
357,714000,-6.075200e+08,-4.0000,-6.221532e+08,-4.0963,1,2.254759e-21,0.0883,1.0000
358,716000,-6.075200e+08,-4.0000,-6.221737e+08,-4.0965,1,2.254591e-21,0.0883,1.0000
359,718000,-6.075200e+08,-4.0000,-6.221684e+08,-4.0964,1,2.254641e-21,0.0883,1.0000
360,720000,-6.075200e+08,-4.0000,-6.221640e+08,-4.0964,1,2.254664e-21,0.0883,1.0000
361,722000,-6.075200e+08,-4.0000,-6.221471e+08,-4.0963,1,2.254735e-21,0.0883,1.0000
362,724000,-6.075200e+08,-4.0000,-6.221828e+08,-4.0965,1,2.254574e-21,0.0883,1.0000
363,726000,-6.075200e+08,-4.0000,-6.221620e+08,-4.0964,1,2.254684e-21,0.0883,1.0000
364,728000,-6.075200e+08,-4.0000,-6.221487e+08,-4.0963,1,2.254754e-21,0.0883,1.0000
365,730000,-6.075200e+08,-4.0000,-6.221426e+08,-4.0963,1,2.254783e-21,0.0883,1.0000
366,732000,-6.075200e+08,-4.0000,-6.221500e+08,-4.0963,1,2.254759e-21,0.0883,1.0000
367,734000,-6.075200e+08,-4.0000,-6.221452e+08,-4.0963,1,2.254744e-21,0.0883,1.0000
368,736000,-6.075200e+08,-4.0000,-6.221617e+08,-4.0964,1,2.254679e-21,0.0883,1.0000
369,738000,-6.075200e+08,-4.0000,-6.221523e+08,-4.0963,1,2.254707e-21,0.0883,1.0000
370,740000,-6.075200e+08,-4.0000,-6.221669e+08,-4.0964,1,2.254626e-21,0.0883,1.0000
371,742000,-6.075200e+08,-4.0000,-6.221821e+08,-4.0965,1,2.254582e-21,0.0883,1.0000
372,744000,-6.075200e+08,-4.0000,-6.221690e+08,-4.0965,1,2.254648e-21,0.0883,1.0000
373,746000,-6.075200e+08,-4.0000,-6.221754e+08,-4.0965,1,2.254624e-21,0.0883,1.0000
374,748000,-6.075200e+08,-4.0000,-6.221803e+08,-4.0965,1,2.254560e-21,0.0883,1.0000
375,750000,-6.075200e+08,-4.0000,-6.221784e+08,-4.0965,1,2.254568e-21,0.0883,1.0000
376,752000,-6.075200e+08,-4.0000,-6.221691e+08,-4.0965,1,2.254617e-21,0.0883,1.0000
377,754000,-6.075200e+08,-4.0000,-6.221756e+08,-4.0965,1,2.254584e-21,0.0883,1.0000
378,756000,-6.075200e+08,-4.0000,-6.221647e+08,-4.0964,1,2.254668e-21,0.0883,1.0000
379,758000,-6.075200e+08,-4.0000,-6.221866e+08,-4.0966,1,2.254528e-21,0.0883,1.0000
380,760000,-6.075200e+08,-4.0000,-6.221891e+08,-4.0966,1,2.254519e-21,0.0883,1.0000
381,762000,-6.075200e+08,-4.0000,-6.221978e+08,-4.0966,1,2.254478e-21,0.0883,1.0000
382,764000,-6.075200e+08,-4.0000,-6.222025e+08,-4.0967,1,2.254452e-21,0.0883,1.0000
383,766000,-6.075200e+08,-4.0000,-6.221880e+08,-4.0966,1,2.254531e-21,0.0883,1.0000
384,768000,-6.075200e+08,-4.0000,-6.222095e+08,-4.0967,1,2.254438e-21,0.0883,1.0000
385,770000,-6.075200e+08,-4.0000,-6.222044e+08,-4.0967,1,2.254439e-21,0.0883,1.0000
386,772000,-6.075200e+08,-4.0000,-6.222236e+08,-4.0968,1,2.254346e-21,0.0883,1.0000
387,774000,-6.075200e+08,-4.0000,-6.222211e+08,-4.0968,1,2.254306e-21,0.0883,1.0000
388,776000,-6.075200e+08,-4.0000,-6.222257e+08,-4.0968,1,2.254353e-21,0.0883,1.0000
389,778000,-6.075200e+08,-4.0000,-6.222291e+08,-4.0968,1,2.254292e-21,0.0883,1.0000
390,780000,-6.075200e+08,-4.0000,-6.222425e+08,-4.0969,1,2.254221e-21,0.0883,1.0000
391,782000,-6.075200e+08,-4.0000,-6.222555e+08,-4.0970,1,2.254133e-21,0.0883,1.0000
392,784000,-6.075200e+08,-4.0000,-6.222331e+08,-4.0969,1,2.254236e-21,0.0883,1.0000
393,786000,-6.075200e+08,-4.0000,-6.222511e+08,-4.0970,1,2.254168e-21,0.0883,1.0000
394,788000,-6.075200e+08,-4.0000,-6.222792e+08,-4.0972,1,2.254049e-21,0.0883,1.0000
395,790000,-6.075200e+08,-4.0000,-6.222856e+08,-4.0972,1,2.253988e-21,0.0883,1.0000
396,792000,-6.075200e+08,-4.0000,-6.222639e+08,-4.0971,1,2.254110e-21,0.0883,1.0000
397,794000,-6.075200e+08,-4.0000,-6.222776e+08,-4.0972,1,2.254024e-21,0.0883,1.0000
398,796000,-6.075200e+08,-4.0000,-6.222644e+08,-4.0971,1,2.254090e-21,0.0883,1.0000
399,798000,-6.075200e+08,-4.0000,-6.222664e+08,-4.0971,1,2.254078e-21,0.0883,1.0000
400,800000,-6.075200e+08,-4.0000,-6.222606e+08,-4.0971,1,2.254094e-21,0.0883,1.0000
401,802000,-6.075200e+08,-4.0000,-6.222771e+08,-4.0972,1,2.254003e-21,0.0883,1.0000
402,804000,-6.075200e+08,-4.0000,-6.222604e+08,-4.0971,1,2.254099e-21,0.0883,1.0000
403,806000,-6.075200e+08,-4.0000,-6.222794e+08,-4.0972,1,2.254019e-21,0.0883,1.0000
404,808000,-6.075200e+08,-4.0000,-6.222842e+08,-4.0972,1,2.253959e-21,0.0883,1.0000
405,810000,-6.075200e+08,-4.0000,-6.222917e+08,-4.0973,1,2.253959e-21,0.0883,1.0000
406,812000,-6.075200e+08,-4.0000,-6.222926e+08,-4.0973,1,2.253925e-21,0.0883,1.0000
407,814000,-6.075200e+08,-4.0000,-6.222984e+08,-4.0973,1,2.253893e-21,0.0883,1.0000
408,816000,-6.075200e+08,-4.0000,-6.223185e+08,-4.0974,1,2.253782e-21,0.0883,1.0000
409,818000,-6.075200e+08,-4.0000,-6.223548e+08,-4.0977,1,2.253579e-21,0.0883,1.0000
410,820000,-6.075200e+08,-4.0000,-6.223315e+08,-4.0975,1,2.253725e-21,0.0883,1.0000
411,822000,-6.075200e+08,-4.0000,-6.223214e+08,-4.0975,1,2.253760e-21,0.0883,1.0000
412,824000,-6.075200e+08,-4.0000,-6.223263e+08,-4.0975,1,2.253767e-21,0.0883,1.0000
413,826000,-6.075200e+08,-4.0000,-6.223160e+08,-4.0974,1,2.253815e-21,0.0883,1.0000
414,828000,-6.075200e+08,-4.0000,-6.222920e+08,-4.0973,1,2.253976e-21,0.0883,1.0000
415,830000,-6.075200e+08,-4.0000,-6.222547e+08,-4.0970,1,2.254102e-21,0.0883,1.0000
416,832000,-6.075200e+08,-4.0000,-6.222461e+08,-4.0970,1,2.254155e-21,0.0883,1.0000
417,834000,-6.075200e+08,-4.0000,-6.222741e+08,-4.0971,1,2.254045e-21,0.0883,1.0000
418,836000,-6.075200e+08,-4.0000,-6.222756e+08,-4.0972,1,2.254050e-21,0.0883,1.0000
419,838000,-6.075200e+08,-4.0000,-6.222648e+08,-4.0971,1,2.254058e-21,0.0883,1.0000
420,840000,-6.075200e+08,-4.0000,-6.222330e+08,-4.0969,1,2.254290e-21,0.0883,1.0000
421,842000,-6.075200e+08,-4.0000,-6.222240e+08,-4.0968,1,2.254316e-21,0.0883,1.0000
422,844000,-6.075200e+08,-4.0000,-6.222201e+08,-4.0968,1,2.254342e-21,0.0883,1.0000
423,846000,-6.075200e+08,-4.0000,-6.222226e+08,-4.0968,1,2.254319e-21,0.0883,1.0000
424,848000,-6.075200e+08,-4.0000,-6.222090e+08,-4.0967,1,2.254429e-21,0.0883,1.0000
425,850000,-6.075200e+08,-4.0000,-6.222184e+08,-4.0968,1,2.254359e-21,0.0883,1.0000
426,852000,-6.075200e+08,-4.0000,-6.222422e+08,-4.0969,1,2.254226e-21,0.0883,1.0000
427,854000,-6.075200e+08,-4.0000,-6.222495e+08,-4.0970,1,2.254207e-21,0.0883,1.0000
428,856000,-6.075200e+08,-4.0000,-6.222265e+08,-4.0968,1,2.254311e-21,0.0883,1.0000
429,858000,-6.075200e+08,-4.0000,-6.222231e+08,-4.0968,1,2.254338e-21,0.0883,1.0000
